제목, 출처
정은경 "위드 코로나 10월말이면 검토 가능할 것",연합뉴스
정은경 "10월 말부터 위드 코로나 적용"…당국 국민 10명 중 7명 "찬성",강원일보
코로나 신규확진 1597명… 월요일 기준 최다,조선비즈
어제 코로나19 신규 확진 2050명…일주일 만에 다시 2000명대,세계일보
[속보] 코로나19 신규 확진자 2050명…1차 접종률 61%,KBS
제주 초등학생 '학폭' 피해 1.7%p↑…코로나19가 키웠다,파이낸셜뉴스
EMA 화이자 코로나19 백신 부스터샷 권고 여부 검토,연합뉴스
[단독]코로나로 필수 비행 횟수 못 채워···아시아나 A380 조종사 120명 자...,경향신문
문 대통령 부부 코로나 의료진 등 1만 5천여 명에게 추석 선물,MBC
코로나19 국민지원금 신청 첫날 1조 2666억 원 지급,노컷뉴스
英총리 코로나 대응 세금 인상 발표,파이낸셜뉴스
코로나19 백신 1차 접종자 전 국민 60% 돌파,파이낸셜뉴스
문 대통령 부부 코로나 의료진 등 1만 5천여 명에게 추석 선물,MBC
코로나19 국민지원금 신청 첫날 1조 2666억 원 지급,노컷뉴스
KDI "코로나 확산·원자재값 상승에 경기 불확실성 확대",이데일리
WHO "코로나 인플루엔자처럼 변이해 계속 나타날 것",연합뉴스
국민 4명 중 1명 백신에 부정적…위드 코로나 최대 복병,뉴스1
제주 초등학생 '학폭' 피해 1.7%p↑…코로나19가 키웠다,파이낸셜뉴스
[속보]文대통령 코로나 의료진 등 1만5천명에 '추석 선물',파이낸셜뉴스
[Y이슈] 코로나19 여파 없다...MAMA 팬데믹 속 2년 연속 개최,YTN
'코로나 종식 기원',뉴시스
朴의장 "코로나 백신·치료제 다자간 연대해야…韓 선도",뉴시스
'세계 2위 장수국' 이탈리아 코로나19로 기대수명 1.2세 단축,연합뉴스
코로나19 신규 확진자 1597명···월요일 역대 최다,경향신문
"연말 코로나 백신 120억회분 생산…전세계 접종량 충분",뉴스1
코로나 전담병원 지정 취소 요청 잇따를 듯,연합뉴스
정은경 "10월 말부터 '위드 코로나' 적용 가능할 것",YTN
"10월초 '위드코로나' 조기 전환 찬성 58.5% 반대 34.3%",연합뉴스
당국 "10월말부터 '위드 코로나'에 유리한 여건…용어사용은 지양",연합뉴스
코로나 확진자 오후 9시 1859명… 8일 2000명대 예상,조선비즈
[Q&A] 독감-코로나19 백신 같이 맞을 땐…"접종간격 제한 없어",연합뉴스
日 코로나 신규감염 1만603명·하루 만에 만명대...총 159만4040명,뉴시스
[속보] 국민 10명 중 7명 '일상 속 코로나' 전환 찬성…"11월 말 적당",매일신문
추석 연휴 11개 국립묘지 참배 못 한다…"코로나 확산 방지",연합뉴스
[속보] 코로나 신규확진 2050명…일주일 만에 2000명↑,더팩트
[단독] "환자 많을수록 손해" 코로나 전담병원 취소 요청,SBS
‘도시어부3’ 제작진 6명 코로나19 확진,서울신문
슬리피 코로나 여파로 결혼식 연기…"안정적 시기에 치를 예정",뉴시스
독감백신 1천460만명에 무료접종…코로나19 예방접종과 동시 진행,연합뉴스
"네이버·카카오맵서 코로나 국민지원금 사용처 확인하세요"(종합),연합뉴스
문대통령 "새 방역체계 모색"…위드코로나 속도 내나(종합),연합뉴스
"코로나 백신 1차 접종률 60% 넘겨...9월 중 환자 감소 전망",프레시안
코로나 국민지원금 스타벅스·배달의민족에서는 사용 못 해,연합뉴스
코로나19 백신 접종 4천647만건중 오접종 사례 1천386건…0.003%,연합뉴스
코로나 상생 국민지원금 콜센터 분주,연합뉴스
어제 코로나19 신규 확진 1597명…63일 연속 네 자릿수,세계일보
의협 코로나19 전문위 "자가검사 철회해야…효율성 의문",연합뉴스
미국 코로나19 누적 확진자 4천만명 넘어…8명중 1명꼴 걸린 셈,연합뉴스
충남도 추석 명절 전후 코로나19 확산방지 주력,뉴스1
文대통령 "코로나로 더 중요해진 사회복지인들 인건비 현실화",노컷뉴스
셀리버리 코로나 면역치료제 'iCP-NI' 유럽 임상신청 완료,파이낸셜뉴스
장흥군 코로나19 백신 1차 접종 80%돌파,뉴시스
[한승주 칼럼] 코로나와 함께 살아가는 법,국민일보
문대통령 10일 몽골 대통령과 화상회담…코로나 대응 논의,연합뉴스
'코로나 확진' 송가인 근황 공개..."이제 괜찮아요",뉴시스
"코로나 백신접종 예방효과 16∼18세 98.4% 19∼24세 92.4%",연합뉴스
인천시 코로나19 신규 확진 다시 120명 어쩌나,국민일보
日코로나 신규확진 증가폭 둔화 속 도쿄 등 긴급사태 연장될 듯,연합뉴스
7일 만에 다시 2000명대… 코로나 신규 확진 2050명(상보),머니S
이·미용업장 코로나 방역 강화…동행 제한-예약제 운영 권고,연합뉴스
정부 "'위드 코로나' 용어 사용 자제…방역 긴장감 낮아져",연합뉴스
코로나 확진자 내일 다시 2천명대…오후 6시까지 1628명(종합),아시아경제
셀레믹스 NGS기반 코로나 진단키트 美 FDA 긴급사용승인 신청,뉴시스
英 총리 공약 깨고 세금 대폭인상…코로나·고령화 대응(종합),연합뉴스
정은경 "10월말 위드코로나 적용 가능 판단"…국민 10명 중 7명 찬성,매일경제
방역당국 "코로나 백신 수급 더 이상 불안해할 필요없어",파이낸셜뉴스
코로나19 예방접종 후 어디가 아프신가요…AI가 모니터링,뉴시스
일본 연내 코로나19 백신 '부스터샷' 시작 검토,연합뉴스
코로나19 신규확진자 2050명···"앞으로 4주간이 고비" (종합),서울경제
정부 미얀마에 300만 달러 인도적 지원…“코로나 극복에 도움 되길”,서울신문
화순 가을축제 국화향연 코로나19 확산 우려에 올해도 취소,연합뉴스
말레이시아 "10월 말부터 코로나19 '풍토병'으로 다룰 것",뉴시스
코로나 이후 주목받을 여행지로 필리핀을 선정한 이유는?,이데일리
"코로나 사태 이후 '저밀집 여행' 선호 더 뚜렷",연합뉴스
정부 "코로나19와 독감은 다른 감염병"…독감백신 접종 당부,연합뉴스
[속보]코로나19 신규 확진 2050명···10명 중 7명 수도권,경향신문
군산시 코로나19 1차 예방 접종률 61.75% 돌파,뉴시스
경남제약 코로나19 비색 진단 바이오센서 개발…국제학술지 개제,뉴시스
제주교육 코로나19 대응 현황 한눈에…백서 발간,연합뉴스
GS건설 코로나19 어려움 겪는 운동선수 돕는다,뉴스1
오후 9시 기준 코로나19 확진자 1859명···내일 또 2000명 넘을 듯,경향신문
[속보]대구 코로나 확진자 61명 추가 동선 공개,국제뉴스
[투자노트] 코로나 시대 호텔보다 창고가 돈이 더 된다,조선비즈
스웨덴·핀란드도 '위드 코로나'…방역 제한 해제하기로,연합뉴스
코로나 국민지원금 오늘부터 접수…카드사 홈페이지서 신청 가능,연합뉴스
美 코로나19 누적확진 4000만명 넘어…8명중 1명꼴 감염,TV조선
‘위드 코로나’ 내비친 文 “세계서 가장 빠른 접종 속도” 왜곡 발언,동아일보
'일일 신규확진 4만명' 영국 코로나 규제 다시 강화하나(종합),연합뉴스
'위드 코로나' 영국 10월 봉쇄설…정부 "사실 아니다",뉴시스
‘코로나 확진’ 허영지 직접 전한 근황,스포츠경향
추석 연휴 11개 국립묘지 참배 못 한다…"코로나 확산 방지",SBS
산림조합 벌초 대행 서비스 확대…코로나19 확산 방지,뉴스1
코로나 국민지원금 내일부터 접수…신청은 어떻게?,SBS
정부 "위드코로나 검토…상황 안정시 10월부터 단계적 이행",한국경제
문 대통령 코로나 의료진에 '팔도 쌀' 추석 선물,한국일보
정은경 "'위드 코로나' 10월 말 예상… 마스크 착용은 끝까지",머니S
신세계 코로나 4차 대유행 여파에도 성장세 '주목'-키움,이데일리
이낙연 '넥스트 대한민국' 제안…포스트 코로나 위해 250조 투자,뉴시스
코로나19에도 ‘대구청년주간’은 계속된다,뉴시스
코로나19 대출 만기연장·이자유예 3번째 연장에 무게,연합뉴스
